-- phpMyAdmin SQL Dump
-- version 5.2.1
-- https://www.phpmyadmin.net/
--
-- Host: 127.0.0.1
-- Generation Time: Dec 13, 2024 at 06:46 AM
-- Server version: 10.4.32-MariaDB
-- PHP Version: 8.2.12

SET SQL_MODE = "NO_AUTO_VALUE_ON_ZERO";
START TRANSACTION;
SET time_zone = "+00:00";


/*!40101 SET @OLD_CHARACTER_SET_CLIENT=@@CHARACTER_SET_CLIENT */;
/*!40101 SET @OLD_CHARACTER_SET_RESULTS=@@CHARACTER_SET_RESULTS */;
/*!40101 SET @OLD_COLLATION_CONNECTION=@@COLLATION_CONNECTION */;
/*!40101 SET NAMES utf8mb4 */;

--
-- Database: `crumbsnbrew`
--

-- --------------------------------------------------------

--
-- Table structure for table `admins`
--

CREATE TABLE `admins` (
  `id` int(11) NOT NULL,
  `username` varchar(50) NOT NULL,
  `email` varchar(100) NOT NULL,
  `password` varchar(255) NOT NULL,
  `created_at` timestamp NOT NULL DEFAULT current_timestamp(),
  `updated_at` timestamp NOT NULL DEFAULT current_timestamp() ON UPDATE current_timestamp()
) ENGINE=InnoDB DEFAULT CHARSET=utf8mb4 COLLATE=utf8mb4_general_ci;

-- --------------------------------------------------------

--
-- Table structure for table `categories`
--

CREATE TABLE `categories` (
  `category_id` int(11) NOT NULL,
  `category_name` varchar(255) NOT NULL,
  `category_description` text DEFAULT NULL,
  `created_at` timestamp NOT NULL DEFAULT current_timestamp(),
  `updated_at` timestamp NOT NULL DEFAULT current_timestamp() ON UPDATE current_timestamp()
) ENGINE=InnoDB DEFAULT CHARSET=utf8mb4 COLLATE=utf8mb4_general_ci;

--
-- Dumping data for table `categories`
--

INSERT INTO `categories` (`category_id`, `category_name`, `category_description`, `created_at`, `updated_at`) VALUES
(1, 'Coffee', 'A selection of expertly crafted coffee drinks made from high-quality beans.', '2024-12-12 01:31:43', '2024-12-13 01:58:40'),
(2, 'Tea', 'A selection of expertly brewed teas, carefully curated for a perfect cup.', '2024-12-12 15:16:59', '2024-12-12 15:18:19'),
(3, 'Pastry', 'A delightful assortment of freshly baked pastries, carefully crafted for a sweet treat.', '2024-12-12 15:20:43', '2024-12-12 15:20:43');

-- --------------------------------------------------------

--
-- Table structure for table `customers`
--

CREATE TABLE `customers` (
  `customer_id` int(11) NOT NULL,
  `customer_name` varchar(255) DEFAULT NULL,
  `created_at` timestamp NOT NULL DEFAULT current_timestamp()
) ENGINE=InnoDB DEFAULT CHARSET=utf8mb4 COLLATE=utf8mb4_general_ci;

-- --------------------------------------------------------

--
-- Table structure for table `orders`
--

CREATE TABLE `orders` (
  `id` int(11) NOT NULL,
  `customer_name` varchar(255) NOT NULL,
  `order_date` datetime DEFAULT current_timestamp(),
  `customer_id` int(11) DEFAULT NULL
) ENGINE=InnoDB DEFAULT CHARSET=utf8mb4 COLLATE=utf8mb4_general_ci;

--
-- Dumping data for table `orders`
--

INSERT INTO `orders` (`id`, `customer_name`, `order_date`, `customer_id`) VALUES
(1, 'Allysa Marie', '2024-12-13 12:42:01', NULL),
(2, 'Archie', '2024-12-13 13:14:02', NULL),
(3, 'Chiscka', '2024-12-13 13:18:38', NULL),
(4, 'Alejandro', '2024-12-13 13:22:01', NULL),
(5, '', '2024-12-13 13:34:38', NULL);

-- --------------------------------------------------------

--
-- Table structure for table `order_details`
--

CREATE TABLE `order_details` (
  `id` int(11) NOT NULL,
  `order_id` int(11) NOT NULL,
  `product_id` int(11) NOT NULL,
  `quantity` int(11) NOT NULL,
  `price` decimal(10,2) NOT NULL,
  `total` decimal(10,2) NOT NULL
) ENGINE=InnoDB DEFAULT CHARSET=utf8mb4 COLLATE=utf8mb4_general_ci;

--
-- Dumping data for table `order_details`
--

INSERT INTO `order_details` (`id`, `order_id`, `product_id`, `quantity`, `price`, `total`) VALUES
(1, 1, 1, 1, 125.00, 125.00),
(2, 1, 2, 1, 149.00, 149.00),
(3, 1, 3, 2, 125.00, 250.00),
(4, 2, 1, 2, 125.00, 250.00),
(5, 2, 2, 1, 149.00, 149.00),
(6, 2, 3, 1, 125.00, 125.00),
(7, 3, 3, 1, 125.00, 125.00),
(8, 4, 2, 1, 149.00, 149.00),
(9, 4, 1, 5, 125.00, 625.00),
(10, 5, 3, 1, 125.00, 125.00);

-- --------------------------------------------------------

--
-- Table structure for table `products`
--

CREATE TABLE `products` (
  `id` int(11) NOT NULL,
  `product_name` varchar(255) NOT NULL,
  `product_description` text NOT NULL,
  `product_price` decimal(10,2) NOT NULL,
  `category_id` int(11) DEFAULT NULL,
  `removed` tinyint(1) DEFAULT 0,
  `status` enum('Active','Removed') DEFAULT 'Active'
) ENGINE=InnoDB DEFAULT CHARSET=utf8mb4 COLLATE=utf8mb4_general_ci;

--
-- Dumping data for table `products`
--

INSERT INTO `products` (`id`, `product_name`, `product_description`, `product_price`, `category_id`, `removed`, `status`) VALUES
(1, 'Cafe Espanya', 'A rich and creamy latte, expertly blended with espresso and steamed milk to create a velvety-smooth coffee experience.', 125.00, 1, 0, 'Active'),
(2, 'Matcha Krim Frappe', 'A rich and creamy blend of matcha green tea and velvety ice, perfect for a pick-me-up on a warm day.', 149.00, 2, 0, 'Active'),
(3, 'Klasiko Crossaint', 'Flaky, buttery, and freshly baked, indulge in the rich flavor and tender texture.', 125.00, 3, 0, 'Active');

-- --------------------------------------------------------

--
-- Table structure for table `user_login`
--

CREATE TABLE `user_login` (
  `id` int(11) NOT NULL,
  `username` varchar(100) NOT NULL,
  `email` varchar(100) NOT NULL,
  `password` varchar(255) NOT NULL
) ENGINE=InnoDB DEFAULT CHARSET=utf8mb4 COLLATE=utf8mb4_general_ci;

--
-- Dumping data for table `user_login`
--

INSERT INTO `user_login` (`id`, `username`, `email`, `password`) VALUES
(1, 'Grace S. Atrazo', 'gra@email.com', '$2y$10$WVOg7plXzZYcvCr4J5BeHeSVyB91yaNx2OXkzTzvUi4wXmxQzIEPS');

-- --------------------------------------------------------

--
-- Table structure for table `user_profile`
--

CREATE TABLE `user_profile` (
  `user_id` int(11) NOT NULL,
  `sex` varchar(30) DEFAULT NULL,
  `birthdate` date DEFAULT NULL
) ENGINE=InnoDB DEFAULT CHARSET=utf8mb4 COLLATE=utf8mb4_general_ci;

--
-- Dumping data for table `user_profile`
--

INSERT INTO `user_profile` (`user_id`, `sex`, `birthdate`) VALUES
(1, 'Female', '2004-02-29');

--
-- Indexes for dumped tables
--

--
-- Indexes for table `admins`
--
ALTER TABLE `admins`
  ADD PRIMARY KEY (`id`),
  ADD UNIQUE KEY `email` (`email`);

--
-- Indexes for table `categories`
--
ALTER TABLE `categories`
  ADD PRIMARY KEY (`category_id`);

--
-- Indexes for table `customers`
--
ALTER TABLE `customers`
  ADD PRIMARY KEY (`customer_id`);

--
-- Indexes for table `orders`
--
ALTER TABLE `orders`
  ADD PRIMARY KEY (`id`),
  ADD KEY `customer_id` (`customer_id`);

--
-- Indexes for table `order_details`
--
ALTER TABLE `order_details`
  ADD PRIMARY KEY (`id`),
  ADD KEY `order_id` (`order_id`),
  ADD KEY `product_id` (`product_id`);

--
-- Indexes for table `products`
--
ALTER TABLE `products`
  ADD PRIMARY KEY (`id`);

--
-- Indexes for table `user_login`
--
ALTER TABLE `user_login`
  ADD PRIMARY KEY (`id`),
  ADD UNIQUE KEY `email` (`email`);

--
-- Indexes for table `user_profile`
--
ALTER TABLE `user_profile`
  ADD PRIMARY KEY (`user_id`);

--
-- AUTO_INCREMENT for dumped tables
--

--
-- AUTO_INCREMENT for table `admins`
--
ALTER TABLE `admins`
  MODIFY `id` int(11) NOT NULL AUTO_INCREMENT, AUTO_INCREMENT=2;

--
-- AUTO_INCREMENT for table `categories`
--
ALTER TABLE `categories`
  MODIFY `category_id` int(11) NOT NULL AUTO_INCREMENT, AUTO_INCREMENT=7;

--
-- AUTO_INCREMENT for table `customers`
--
ALTER TABLE `customers`
  MODIFY `customer_id` int(11) NOT NULL AUTO_INCREMENT, AUTO_INCREMENT=3;

--
-- AUTO_INCREMENT for table `orders`
--
ALTER TABLE `orders`
  MODIFY `id` int(11) NOT NULL AUTO_INCREMENT, AUTO_INCREMENT=6;

--
-- AUTO_INCREMENT for table `order_details`
--
ALTER TABLE `order_details`
  MODIFY `id` int(11) NOT NULL AUTO_INCREMENT, AUTO_INCREMENT=11;

--
-- AUTO_INCREMENT for table `products`
--
ALTER TABLE `products`
  MODIFY `id` int(11) NOT NULL AUTO_INCREMENT, AUTO_INCREMENT=4;

--
-- AUTO_INCREMENT for table `user_login`
--
ALTER TABLE `user_login`
  MODIFY `id` int(11) NOT NULL AUTO_INCREMENT, AUTO_INCREMENT=2;

--
-- Constraints for dumped tables
--

--
-- Constraints for table `order_details`
--
ALTER TABLE `order_details`
  ADD CONSTRAINT `fk_order_id` FOREIGN KEY (`order_id`) REFERENCES `orders` (`id`) ON DELETE CASCADE ON UPDATE CASCADE,
  ADD CONSTRAINT `fk_product_id` FOREIGN KEY (`product_id`) REFERENCES `products` (`id`) ON DELETE CASCADE ON UPDATE CASCADE;
COMMIT;

/*!40101 SET CHARACTER_SET_CLIENT=@OLD_CHARACTER_SET_CLIENT */;
/*!40101 SET CHARACTER_SET_RESULTS=@OLD_CHARACTER_SET_RESULTS */;
/*!40101 SET COLLATION_CONNECTION=@OLD_COLLATION_CONNECTION */;
